{
  "model": {
    "type": "minecraft:select",
    "property": "minecraft:charge_type",
    "cases": [
      {
        "when": "rocket",
        "model": {
          "type": "minecraft:model",
          "model": "merptown:item/rl_0"
        }
      },
      {
        "when": "none",
        "model": {
          "type": "minecraft:model",
          "model": "merptown:item/rl"
        }
      }
    ],
    "fallback": {
      "type": "minecraft:model",
      "model": "merptown:item/rl"
    }
  }
}