{
    "parent": "item/generated",
    "textures": {
        "layer0": "merptown:item/dmr"
    },
    "display": {
        "thirdperson_righthand": {
            "rotation": [ -80, 270, -45 ],
            "translation": [ 0, 1, -1 ],
            "scale": [ 0.9, 0.9, 0.9 ]
        },
        "thirdperson_lefthand": {
            "rotation": [ -80, -290, 45 ],
            "translation": [ 0, 1, -1 ],
            "scale": [ 0.9, 0.9, 0.9 ]
        },
        "firstperson_righthand": {
            "rotation": [ -20, -90, 25 ],
            "translation": [ 2, 3.2, 2.5],
            "scale": [ 0.68, 0.68, 0.68 ]
        },
        "firstperson_lefthand": {
            "rotation": [ -20, 90, -25 ],
            "translation": [ 2, 3.2, 2.5],
            "scale": [ 0.68, 0.68, 0.68 ]
        }
    }
}