{
    "parent": "item/generated",
    "textures": {
        "layer0": "merptown:item/dmr"
    },
    "display": {
        "thirdperson_righthand": {
            "rotation": [ -85, 270, -45 ],
            "translation": [ 0, 1, -2 ],
            "scale": [ 0.9, 0.9, 0.9 ]
        },
        "thirdperson_lefthand": {
            "rotation": [ -85, -270, 45 ],
            "translation": [ 0, 1, -2 ],
            "scale": [ 0.9, 0.9, 0.9 ]
        },
        "firstperson_righthand": {
            "rotation": [ -22.5, -90, 25 ],
            "translation": [ 1.13, 3.2, 1.13 ],
            "scale": [ 0.68, 0.68, 0.68 ]
        },
        "firstperson_lefthand": {
            "rotation": [ -22.5, 90, -25 ],
            "translation": [ 1.13, 3.2, 1.13 ],
            "scale": [ 0.68, 0.68, 0.68 ]
        }
    }
}